store,item,annual_sales,weekly_mean,weekly_std,coefficient_of_variation,abc_class,xyz_class,segment,xyz_low_threshold,xyz_high_threshold,demand_share
2,15,46148,870.7169811320755,189.7023353895508,0.21786911189317396,A,X,AX,0.21981094050547123,0.2257762812282148,0.004299340211333608
8,15,44431,838.3207547169811,180.35166220736068,0.21513443534897067,A,X,AX,0.21981094050547123,0.2257762812282148,0.004139377327939749
2,45,42644,804.6037735849056,173.96223502891496,0.21620857463025264,A,X,AX,0.21981094050547123,0.2257762812282148,0.003972892952503042
8,13,42641,804.5471698113207,173.6740499235162,0.2158655905336732,A,X,AX,0.21981094050547123,0.2257762812282148,0.00397261345998692
8,18,42547,802.7735849056604,176.241490957658,0.21954072016254667,A,X,AX,0.21981094050547123,0.2257762812282148,0.003963856027815095
2,38,42486,801.622641509434,174.6707040751798,0.21789642037340606,A,X,AX,0.21981094050547123,0.2257762812282148,0.0039581730133206134
2,22,42106,794.4528301886793,172.08635645621194,0.21660991051582273,A,X,AX,0.21981094050547123,0.2257762812282148,0.003922770627945152
3,15,41457,782.2075471698113,171.0677282080186,0.2186986418463706,A,X,AX,0.21981094050547123,0.2257762812282148,0.003862307080290747
3,28,41126,775.9622641509434,169.7085694613598,0.21870724557341023,A,X,AX,0.21981094050547123,0.2257762812282148,0.0038314697393452796
8,22,40739,768.6603773584906,168.26763747949803,0.21891025274094592,A,X,AX,0.21981094050547123,0.2257762812282148,0.003795415204765534
8,38,40643,766.8490566037735,165.73767458830542,0.21612815867874388,A,X,AX,0.21981094050547123,0.2257762812282148,0.003786471444249628
8,25,40605,766.1320754716982,168.24787548502647,0.21960688094339126,A,X,AX,0.21981094050547123,0.2257762812282148,0.0037829312057120817
2,36,40587,765.7924528301887,166.44037491991935,0.21734397395115987,A,X,AX,0.21981094050547123,0.2257762812282148,0.003781254250615349
10,28,40536,764.8301886792453,165.1143817815927,0.21588371409178045,A,X,AX,0.21981094050547123,0.2257762812282148,0.0037765028778412742
2,8,40518,764.4905660377359,167.70895378160222,0.2193734772304881,A,X,AX,0.21981094050547123,0.2257762812282148,0.003774825922744542
10,15,40513,764.3962264150944,164.97089948773967,0.21581856867796023,A,X,AX,0.21981094050547123,0.2257762812282148,0.0037743601018843387
3,13,39709,749.2264150943396,160.2536020847334,0.21389208770029136,A,X,AX,0.21981094050547123,0.2257762812282148,0.0036994561075636267
8,8,39194,739.5094339622641,160.18722491095673,0.21661282135736867,A,X,AX,0.21981094050547123,0.2257762812282148,0.003651476558962673
10,13,38964,735.1698113207547,158.83151884563046,0.21604738986804267,A,X,AX,0.21981094050547123,0.2257762812282148,0.003630048799393315
9,28,38145,719.7169811320755,156.6849334171667,0.21770353836963782,A,X,AX,0.21981094050547123,0.2257762812282148,0.0035537473424919926
3,25,37769,712.622641509434,156.0393474064862,0.21896490276533054,A,X,AX,0.21981094050547123,0.2257762812282148,0.0035187176138046943
10,22,36991,697.9433962264151,149.17251436538163,0.21373153635655232,A,X,AX,0.21981094050547123,0.2257762812282148,0.00344623588795704
10,38,36948,697.1320754716982,145.40897730933963,0.20858167688088666,A,X,AX,0.21981094050547123,0.2257762812282148,0.0034422298285592904
8,10,36933,696.8490566037735,151.6475412855053,0.21761892313464332,A,X,AX,0.21981094050547123,0.2257762812282148,0.0034408323659786805
2,29,36595,690.4716981132076,148.90867151657153,0.21566223774773305,A,X,AX,0.21981094050547123,0.2257762812282148,0.003409342875828928
9,13,36565,689.9056603773585,151.15011185406985,0.2190880877414386,A,X,AX,0.21981094050547123,0.2257762812282148,0.0034065479506677075
3,36,36215,683.3018867924528,149.08987801705646,0.21819035026657443,A,X,AX,0.21981094050547123,0.2257762812282148,0.003373940490453467
10,36,35317,666.3584905660377,145.56205316206115,0.21844405860036925,A,X,AX,0.21981094050547123,0.2257762812282148,0.003290279063960931
8,29,35099,662.2452830188679,145.20143907694072,0.21925628283078885,A,X,AX,0.21981094050547123,0.2257762812282148,0.003269969274456061
8,11,35029,660.9245283018868,143.9665892138498,0.21782606492717577,A,X,AX,0.21981094050547123,0.2257762812282148,0.003263447782413213
9,22,35014,660.6415094339623,143.90903835671585,0.21783226803295655,A,X,AX,0.21981094050547123,0.2257762812282148,0.0032620503198326025
4,22,34616,653.1320754716982,139.02781096100728,0.21286324188044214,A,X,AX,0.21981094050547123,0.2257762812282148,0.0032249709793604094
3,10,34384,648.7547169811321,139.9274407657243,0.21568620173869787,A,X,AX,0.21981094050547123,0.2257762812282148,0.00320335689144697
4,36,33351,629.2641509433962,133.6296764229408,0.21235863543569497,A,X,AX,0.21981094050547123,0.2257762812282148,0.0031071183017289407
8,50,33277,627.8679245283018,137.56243865351422,0.21909454724392988,A,X,AX,0.21981094050547123,0.2257762812282148,0.00310022415299793
8,35,33055,623.6792452830189,136.25312608762496,0.2184666671500264,A,X,AX,0.21981094050547123,0.2257762812282148,0.0030795417068048975
1,15,32926,621.2452830188679,130.58726903144668,0.21020243147259535,A,X,AX,0.21981094050547123,0.2257762812282148,0.0030675235286116488
3,29,32831,619.4528301886793,134.60863014362673,0.21730247015358095,A,X,AX,0.21981094050547123,0.2257762812282148,0.0030586729322677835
3,11,32678,616.566037735849,131.3287872587145,0.2130003587952711,A,X,AX,0.21981094050547123,0.2257762812282148,0.0030444188139455586
3,33,32548,614.1132075471698,134.23969096321107,0.218591115308166,A,X,AX,0.21981094050547123,0.2257762812282148,0.0030323074715802693
3,12,32418,611.6603773584906,132.08140604540742,0.2159391239560304,A,X,AX,0.21981094050547123,0.2257762812282148,0.00302019612921498
10,11,32243,608.3584905660377,132.35210822470472,0.21755611251773563,A,X,AX,0.21981094050547123,0.2257762812282148,0.00300389239910786
10,29,31983,603.4528301886793,131.20192394780352,0.21741869021772772,A,X,AX,0.21981094050547123,0.2257762812282148,0.002979669714377281
9,10,31981,603.4150943396227,131.79127348872302,0.21840897704581844,A,X,AX,0.21981094050547123,0.2257762812282148,0.0029794833860332
4,10,31565,595.566037735849,127.42456432577642,0.21395539075767941,A,X,AX,0.21981094050547123,0.2257762812282148,0.0029407270904642743
1,13,31220,589.0566037735849,127.838602436272,0.21702261143889864,A,X,AX,0.21981094050547123,0.2257762812282148,0.0029085854511102373
2,14,31003,584.9622641509434,125.2178044393895,0.2140613371379429,A,X,AX,0.21981094050547123,0.2257762812282148,0.0028883688257774084
3,24,31002,584.9433962264151,123.96935339248783,0.21193393103031596,A,X,AX,0.21981094050547123,0.2257762812282148,0.0028882756616053678
2,6,30717,579.566037735849,125.94099800394358,0.2173022396135368,A,X,AX,0.21981094050547123,0.2257762812282148,0.002861723872573772
9,29,30518,575.811320754717,124.10015443549766,0.21552225522909021,A,X,AX,0.21981094050547123,0.2257762812282148,0.0028431842023376756
3,35,30428,574.1132075471698,120.33569397848261,0.20960272712171613,A,X,AX,0.21981094050547123,0.2257762812282148,0.0028347994268540138
1,38,30316,572.0,124.45697433867835,0.2175821229697174,A,X,AX,0.21981094050547123,0.2257762812282148,0.0028243650395854566
10,35,30294,571.5849056603773,121.60409184067277,0.2127489558181705,A,X,AX,0.21981094050547123,0.2257762812282148,0.0028223154278005616
4,29,30241,570.5849056603773,124.02549892326174,0.21736554488716883,A,X,AX,0.21981094050547123,0.2257762812282148,0.002817377726682405
9,11,30137,568.622641509434,119.18557385843795,0.20960398893377613,A,X,AX,0.21981094050547123,0.2257762812282148,0.002807688652790174
9,33,30123,568.3584905660377,122.4666507728694,0.21547430504803897,A,X,AX,0.21981094050547123,0.2257762812282148,0.0028063843543816042
4,12,29953,565.1509433962265,123.13710248624608,0.21788356531135583,A,X,AX,0.21981094050547123,0.2257762812282148,0.0027905464451346874
1,45,29690,560.188679245283,121.52651761965582,0.2169385461044715,A,X,AX,0.21981094050547123,0.2257762812282148,0.002766044267887987
8,46,29578,558.0754716981132,121.30379045644099,0.21736090655863724,A,X,AX,0.21981094050547123,0.2257762812282148,0.00275560988061943
8,31,29452,555.6981132075472,120.53767124297381,0.2169121477617008,A,X,AX,0.21981094050547123,0.2257762812282148,0.0027438711949423033
8,14,29451,555.6792452830189,120.39690348447597,0.21666618738505403,A,X,AX,0.21981094050547123,0.2257762812282148,0.0027437780307702627
8,7,29383,554.3962264150944,117.80873345297412,0.21249916186256096,A,X,AX,0.21981094050547123,0.2257762812282148,0.002737442867071496
4,24,28613,539.8679245283018,117.396277908473,0.21745370038615558,A,X,AX,0.21981094050547123,0.2257762812282148,0.0026657064546001673
9,35,28583,539.3018867924528,117.5808371530086,0.21802415313681056,A,X,AX,0.21981094050547123,0.2257762812282148,0.0026629115294389467
4,35,28528,538.2641509433962,117.2135052181072,0.2177620504963433,A,X,AX,0.21981094050547123,0.2257762812282148,0.002657787499976709
9,24,28333,534.5849056603773,113.5447106044175,0.21239789863530611,A,X,AX,0.21981094050547123,0.2257762812282148,0.002639620486428775
9,50,28209,532.2452830188679,115.59293724438245,0.21717982466419478,A,X,AX,0.21981094050547123,0.2257762812282148,0.00262806812909573
1,10,27493,518.7358490566038,112.5054102875803,0.2168838157073348,A,X,AX,0.21981094050547123,0.2257762812282148,0.0025613625819145983
5,15,27466,518.2264150943396,113.81203152388422,0.2196183525364401,A,X,AX,0.21981094050547123,0.2257762812282148,0.0025588471492695
3,7,27438,517.6981132075472,113.40967007095259,0.2190652567155218,A,X,AX,0.21981094050547123,0.2257762812282148,0.0025562385524523605
6,28,27391,516.811320754717,111.12364156888378,0.21501781618600416,A,X,AX,0.21981094050547123,0.2257762812282148,0.0025518598363664484
2,48,27136,512.0,109.3565094260335,0.21358693247272167,A,X,AX,0.21981094050547123,0.2257762812282148,0.002528102972496073
10,6,27014,509.6981132075472,111.96369344666027,0.21966668218971624,A,X,AX,0.21981094050547123,0.2257762812282148,0.0025167369435071096
10,2,26978,509.0188679245283,111.46756868221594,0.21898514123202034,A,X,AX,0.21981094050547123,0.2257762812282148,0.0025133830333136445
2,9,26937,508.24528301886795,109.49919312319106,0.2154455668979146,A,X,AX,0.21981094050547123,0.2257762812282148,0.0025095633022599764
2,43,26932,508.1509433962264,108.75508763102236,0.21402122547319863,A,X,AX,0.21981094050547123,0.2257762812282148,0.002509097481399773
5,18,26413,498.35849056603774,106.94392749682905,0.2145923657794245,A,X,AX,0.21981094050547123,0.2257762812282148,0.0024607452761106568
1,29,26015,490.8490566037736,107.89068474554284,0.21980420109605114,A,X,AX,0.21981094050547123,0.2257762812282148,0.0024236659356384636
1,33,25961,489.8301886792453,105.89249553003788,0.2161820524283351,A,X,AX,0.21981094050547123,0.2257762812282148,0.0024186350703482664
9,7,25362,478.52830188679246,102.79621434468987,0.21481741819527495,A,X,AX,0.21981094050547123,0.2257762812282148,0.002362829731295895
2,26,25326,477.8490566037736,102.02118864130723,0.2135008685931171,A,X,AX,0.21981094050547123,0.2257762812282148,0.00235947582110243
9,14,25286,477.0943396226415,103.17409934201648,0.21625513189618262,A,X,AX,0.21981094050547123,0.2257762812282148,0.0023557492542208027
4,46,25261,476.62264150943395,104.23350753422936,0.21869189261367944,A,X,AX,0.21981094050547123,0.2257762812282148,0.0023534201499197855
9,31,25254,476.49056603773585,101.93693801741225,0.21393275183823746,A,X,AX,0.21981094050547123,0.2257762812282148,0.002352768000715501
9,2,25239,476.20754716981133,102.91096945541102,0.21610528868563667,A,X,AX,0.21981094050547123,0.2257762812282148,0.0023513705381348906
5,38,25230,476.0377358490566,103.44860527448682,0.21731177485326206,A,X,AX,0.21981094050547123,0.2257762812282148,0.0023505320605865243
5,45,25209,475.64150943396226,102.10064686369762,0.21465882358586116,A,X,AX,0.21981094050547123,0.2257762812282148,0.00234857561297367
9,6,25205,475.5660377358491,104.39947491651813,0.219526767330905,A,X,AX,0.21981094050547123,0.2257762812282148,0.002348202956285507
4,31,25171,474.92452830188677,99.5972368045426,0.20971171390253698,A,X,AX,0.21981094050547123,0.2257762812282148,0.0023450353744361237
5,22,25158,474.6792452830189,103.42458671844423,0.21788310263445204,A,X,AX,0.21981094050547123,0.2257762812282148,0.002343824240199595
2,20,25045,472.54716981132077,103.40595244690398,0.2188267310715077,A,X,AX,0.21981094050547123,0.2257762812282148,0.002333296688758997
1,24,24468,461.66037735849056,100.56569674294171,0.21783480167467348,A,X,AX,0.21981094050547123,0.2257762812282148,0.002279540961491521
1,35,24462,461.54716981132077,100.35218100380585,0.21742562313799813,A,X,AX,0.21981094050547123,0.2257762812282148,0.002278981976459277
1,50,24348,459.39622641509436,100.04140289489405,0.21776714117912702,A,X,AX,0.21981094050547123,0.2257762812282148,0.0022683612608466385
7,18,23989,452.62264150943395,98.15083102730092,0.21684914104160027,A,X,AX,0.21981094050547123,0.2257762812282148,0.0022349153230840323
10,43,23955,451.9811320754717,97.43528238035702,0.21557378276597464,A,X,AX,0.21981094050547123,0.2257762812282148,0.002231747741234649
3,48,23946,451.811320754717,98.47101420523033,0.21794720424610406,A,X,AX,0.21981094050547123,0.2257762812282148,0.0022309092636862825
5,36,23902,450.9811320754717,98.57474527680036,0.218578424385843,A,X,AX,0.21981094050547123,0.2257762812282148,0.0022268100401164927
3,9,23784,448.75471698113205,95.42735973994877,0.21264926279083776,A,X,AX,0.21981094050547123,0.2257762812282148,0.0022158166678156914
8,20,23760,448.3018867924528,97.8374996743345,0.21824021392002224,A,X,AX,0.21981094050547123,0.2257762812282148,0.002213580727686715
5,10,22999,433.9433962264151,94.11335536189648,0.21687933537025583,A,X,AX,0.21981094050547123,0.2257762812282148,0.0021426827927637526
6,10,22813,430.4339622641509,93.77827972115978,0.2178691458914421,A,X,AX,0.21981094050547123,0.2257762812282148,0.002125354256764185
3,20,22396,422.5660377358491,88.10297939473621,0.20849517359890243,A,X,AX,0.21981094050547123,0.2257762812282148,0.0020865047970232186
4,43,22370,422.07547169811323,92.51109061508492,0.219181394841283,A,X,AX,0.21981094050547123,0.2257762812282148,0.0020840825285501604
9,48,22178,418.45283018867923,88.74608681248036,0.2120814591514771,A,X,AX,0.21981094050547123,0.2257762812282148,0.0020661950075183486
7,8,22062,416.2641509433962,87.19609883285541,0.2094729960176474,A,X,AX,0.21981094050547123,0.2257762812282148,0.002055387963561629
4,9,22043,415.9056603773585,87.92856894419896,0.21141469645885516,A,X,AX,0.21981094050547123,0.2257762812282148,0.002053617844292856
4,48,22040,415.8490566037736,90.93518321953178,0.21867353496529873,A,X,AX,0.21981094050547123,0.2257762812282148,0.002053338351776734
1,46,21786,411.0566037735849,90.12905599415586,0.21926190983614524,A,X,AX,0.21981094050547123,0.2257762812282148,0.0020296746520783995
1,6,21784,411.0188679245283,86.29210021915229,0.2099468101182093,A,X,AX,0.21981094050547123,0.2257762812282148,0.0020294883237343183
6,12,21625,408.0188679245283,86.90390151594899,0.21298990891770156,A,X,AX,0.21981094050547123,0.2257762812282148,0.002014675220379849
2,19,21252,400.9811320754717,87.32906172501045,0.21778845621238255,A,X,AX,0.21981094050547123,0.2257762812282148,0.001979924984208673
3,39,20784,392.1509433962264,84.60687284012565,0.21575078235790315,A,X,AX,0.21981094050547123,0.2257762812282148,0.0019363241516936315
9,20,20457,385.9811320754717,83.41981192600879,0.21612406668027892,A,X,AX,0.21981094050547123,0.2257762812282148,0.001905859467436327
8,21,20352,384.0,81.91740680991764,0.2133265802341605,A,X,AX,0.21981094050547123,0.2257762812282148,0.001896077229372055
10,39,20324,383.47169811320754,82.3296852187278,0.21469559715570624,A,X,AX,0.21981094050547123,0.2257762812282148,0.0018934686325549157
7,29,19968,376.75471698113205,82.8051247160783,0.21978523687661009,A,X,AX,0.21981094050547123,0.2257762812282148,0.0018603021873084312
2,3,19457,367.1132075471698,76.25051333430194,0.20770299669620204,A,X,AX,0.21981094050547123,0.2257762812282148,0.0018126952953956403
2,42,19392,365.8867924528302,77.14986923,0.21085721272638197,A,X,AX,0.21981094050547123,0.2257762812282148,0.0018066396242129956
9,39,19182,361.92452830188677,79.22578471505052,0.21890139661649868,A,X,AX,0.21981094050547123,0.2257762812282148,0.0017870751480844516
4,39,19127,360.8867924528302,76.67781255089838,0.21247054243726743,A,X,AX,0.21981094050547123,0.2257762812282148,0.0017819511186222138
3,21,18992,358.33962264150944,78.23950983905041,0.218338985966179,A,X,AX,0.21981094050547123,0.2257762812282148,0.001769373955396721
3,30,18984,358.188679245283,76.87353665993699,0.21461743799919197,A,X,AX,0.21981094050547123,0.2257762812282148,0.0017686286420203956
1,9,18927,357.1132075471698,77.54692385342679,0.2171494142881397,A,X,AX,0.21981094050547123,0.2257762812282148,0.0017633182842140764
7,24,18741,353.60377358490564,77.02455642961223,0.21782730327994496,A,X,AX,0.21981094050547123,0.2257762812282148,0.0017459897482145087
10,30,18605,351.0377358490566,76.66810646299537,0.2184041732082104,A,X,AX,0.21981094050547123,0.2257762812282148,0.0017333194208169753
5,31,18440,347.92452830188677,75.82795533224785,0.2179436894039662,A,X,AX,0.21981094050547123,0.2257762812282148,0.001717947332430262
5,46,18354,346.3018867924528,75.34780505854688,0.2175783844449703,A,X,AX,0.21981094050547123,0.2257762812282148,0.001709935213634763
5,14,18332,345.8867924528302,72.70955401653222,0.21021199884770933,A,X,AX,0.21981094050547123,0.2257762812282148,0.0017078856018498678
5,6,18322,345.6981132075472,75.87175031835996,0.21947400757958072,A,X,AX,0.21981094050547123,0.2257762812282148,0.001706953960129461
1,20,17695,333.8679245283019,70.95042628371124,0.21251046018856715,A,X,AX,0.21981094050547123,0.2257762812282148,0.0016485400242599504
9,19,17580,331.6981132075472,71.57582985511571,0.2157860627031361,A,X,AX,0.21981094050547123,0.2257762812282148,0.0016378261444752714
9,30,17550,331.1320754716981,71.35772227518117,0.21549625530396596,A,X,AX,0.21981094050547123,0.2257762812282148,0.0016350312193140508
2,17,17345,327.2641509433962,71.23340587959801,0.21766333304230007,A,X,AX,0.21981094050547123,0.2257762812282148,0.0016159325640457101
3,3,17229,325.07547169811323,70.29111144612037,0.21623012981858375,A,X,AX,0.21981094050547123,0.2257762812282148,0.0016051255200889903
7,46,16864,318.188679245283,69.58836568426274,0.21870157621358663,A,X,AX,0.21981094050547123,0.2257762812282148,0.0015711205972941398
7,7,16833,317.60377358490564,68.55888530830255,0.21586294310818246,A,X,AX,0.21981094050547123,0.2257762812282148,0.0015682325079608786
2,28,46133,870.433962264151,194.83637212108584,0.2238382009064563,A,Y,AY,0.21981094050547123,0.2257762812282148,0.004297942748752998
8,28,44486,839.3584905660377,185.3379547599489,0.2208090545852019,A,Y,AY,0.21981094050547123,0.2257762812282148,0.0041445013574019866
2,13,44305,835.9433962264151,186.28064178445499,0.222838822132403,A,Y,AY,0.21981094050547123,0.2257762812282148,0.004127638642262623
2,25,42239,796.9622641509434,178.67750948223738,0.22419820551051353,A,Y,AY,0.21981094050547123,0.2257762812282148,0.003935161462826564
8,45,40385,761.9811320754717,168.98901768663478,0.22177585582249953,A,Y,AY,0.21981094050547123,0.2257762812282148,0.0037624350878631306
3,18,39264,740.8301886792453,166.28193572375991,0.22445350940707198,A,Y,AY,0.21981094050547123,0.2257762812282148,0.003657998051005521
8,36,39037,736.5471698113207,162.52355640357726,0.22065600556880896,A,Y,AY,0.21981094050547123,0.2257762812282148,0.003636849783952285
10,18,38765,731.4150943396227,161.98818023859081,0.2214722959537034,A,Y,AY,0.21981094050547123,0.2257762812282148,0.003611509129157218
2,10,38746,731.0566037735849,161.46628787153395,0.22086701226426725,A,Y,AY,0.21981094050547123,0.2257762812282148,0.0036097390098884454
9,15,38208,720.9056603773585,159.28569689892046,0.22095220727708295,A,Y,AY,0.21981094050547123,0.2257762812282148,0.0035596166853305556
4,15,38101,718.8867924528302,158.04766325595457,0.21985055910778176,A,Y,AY,0.21981094050547123,0.2257762812282148,0.0035496481189222022
3,45,37853,714.2075471698113,159.02640788083994,0.22266133774560848,A,Y,AY,0.21981094050547123,0.2257762812282148,0.003526543404256112
4,28,37826,713.6981132075472,159.56630945082415,0.22357675675180247,A,Y,AY,0.21981094050547123,0.2257762812282148,0.0035240279716110133
3,38,37773,712.6981132075472,157.3820174589476,0.22082564067784455,A,Y,AY,0.21981094050547123,0.2257762812282148,0.003519090270492857
10,45,37615,709.7169811320755,157.76008773773822,0.2222859138668118,A,Y,AY,0.21981094050547123,0.2257762812282148,0.0035043703313104285
3,22,37496,707.4716981132076,157.11627293842278,0.2220813544307768,A,Y,AY,0.21981094050547123,0.2257762812282148,0.003493283794837587
2,11,37045,698.9622641509434,154.42809656976175,0.22093910428390803,A,Y,AY,0.21981094050547123,0.2257762812282148,0.0034512667532472373
10,25,36890,696.0377358490566,155.4215065634977,0.22329465567539653,A,Y,AY,0.21981094050547123,0.2257762812282148,0.003436826306580931
2,12,36690,692.2641509433962,154.48688654124513,0.2231617603348594,A,Y,AY,0.21981094050547123,0.2257762812282148,0.0034181934721727934
4,18,36464,688.0,153.93067870360943,0.22373645160408348,A,Y,AY,0.21981094050547123,0.2257762812282148,0.0033971383692915982
2,33,36330,685.4716981132076,151.8873068801068,0.22158071193629672,A,Y,AY,0.21981094050547123,0.2257762812282148,0.003384654370238146
4,13,36061,680.3962264150944,150.08373811650839,0.22058284906616413,A,Y,AY,0.21981094050547123,0.2257762812282148,0.0033595932079592016
3,8,35924,677.811320754717,150.1118886036184,0.22146559670392427,A,Y,AY,0.21981094050547123,0.2257762812282148,0.0033468297163896273
10,8,35457,669.0,150.82185110000074,0.2254437236173404,A,Y,AY,0.21981094050547123,0.2257762812282148,0.0033033220480466266
8,33,35313,666.2830188679245,147.87265536973283,0.22193670134499588,A,Y,AY,0.21981094050547123,0.2257762812282148,0.003289906407272768
9,45,35191,663.9811320754717,147.5793776720798,0.22226441466909805,A,Y,AY,0.21981094050547123,0.2257762812282148,0.003278540378283804
2,35,35033,661.0,148.50265472892548,0.22466362288793568,A,Y,AY,0.21981094050547123,0.2257762812282148,0.0032638204391013757
2,24,34966,659.7358490566038,146.22508347162764,0.22164186421084095,A,Y,AY,0.21981094050547123,0.2257762812282148,0.00325757843957465
9,38,34948,659.3962264150944,147.2705960028161,0.22334158143954597,A,Y,AY,0.21981094050547123,0.2257762812282148,0.0032559014844779173
8,12,34935,659.1509433962265,145.93839535734762,0.22140360537968864,A,Y,AY,0.21981094050547123,0.2257762812282148,0.003254690350241388
9,25,34929,659.0377358490566,146.40761884653918,0.22215362016852977,A,Y,AY,0.21981094050547123,0.2257762812282148,0.003254131365209144
4,45,34859,657.7169811320755,145.61096447495484,0.22138848266366237,A,Y,AY,0.21981094050547123,0.2257762812282148,0.003247609873166296
4,38,34800,656.6037735849056,145.216461720829,0.22116300204609013,A,Y,AY,0.21981094050547123,0.2257762812282148,0.003242113187015896
10,10,33835,638.3962264150944,140.46137432687289,0.2200222503125244,A,Y,AY,0.21981094050547123,0.2257762812282148,0.003152209760996633
4,8,33496,632.0,139.47084062489688,0.22068170984952037,A,Y,AY,0.21981094050547123,0.2257762812282148,0.0031206271066748404
9,8,33456,631.2452830188679,140.0343234930935,0.2218382097421675,A,Y,AY,0.21981094050547123,0.2257762812282148,0.003116900539793213
8,24,33231,627.0,140.3501116713266,0.2238438782636788,A,Y,AY,0.21981094050547123,0.2257762812282148,0.0030959386010840583
9,36,33213,626.6603773584906,138.16822848033237,0.22048342846047078,A,Y,AY,0.21981094050547123,0.2257762812282148,0.0030942616459873258
10,12,32244,608.377358490566,136.0608215828911,0.22364543927221275,A,Y,AY,0.21981094050547123,0.2257762812282148,0.0030039855632799004
1,18,31305,590.6603773584906,131.7839057811377,0.22311282563169774,A,Y,AY,0.21981094050547123,0.2257762812282148,0.0029165044057336957
2,7,30803,581.188679245283,128.86024877955873,0.22171844253211095,A,Y,AY,0.21981094050547123,0.2257762812282148,0.002869735991369271
2,2,30718,579.5849056603773,127.82265869348706,0.22054173158261653,A,Y,AY,0.21981094050547123,0.2257762812282148,0.0028618170367458126
3,50,30665,578.5849056603773,129.95597390037435,0.22461003152518638,A,Y,AY,0.21981094050547123,0.2257762812282148,0.0028568793356276564
10,24,30329,572.2452830188679,127.85176297036308,0.22342126141413313,A,Y,AY,0.21981094050547123,0.2257762812282148,0.0028255761738219857
10,50,30260,570.9433962264151,127.62149793196156,0.22352740880350175,A,Y,AY,0.21981094050547123,0.2257762812282148,0.002819147845951178
4,11,30151,568.8867924528302,127.53636892717763,0.22418584966138486,A,Y,AY,0.21981094050547123,0.2257762812282148,0.002808992951198743
4,33,30056,567.0943396226415,125.9282860860686,0.2220587956668098,A,Y,AY,0.21981094050547123,0.2257762812282148,0.0028001423548548784
1,25,29851,563.2264150943396,123.98753682860372,0.22013800046618195,A,Y,AY,0.21981094050547123,0.2257762812282148,0.0027810436995865375
1,22,29791,562.0943396226415,124.74701540301218,0.22193252379442266,A,Y,AY,0.21981094050547123,0.2257762812282148,0.0027754538492640963
1,8,28591,539.4528301886793,120.88958185654943,0.2240966681262327,A,Y,AY,0.21981094050547123,0.2257762812282148,0.0026636568428152724
1,36,28389,535.6415094339623,119.04622475512197,0.22224981197018087,A,Y,AY,0.21981094050547123,0.2257762812282148,0.0026448376800630533
3,46,27598,520.7169811320755,115.41370025302798,0.2216438188785594,A,Y,AY,0.21981094050547123,0.2257762812282148,0.0025711448199788704
3,14,27567,520.1320754716982,114.33773146251498,0.21982441932431143,A,Y,AY,0.21981094050547123,0.2257762812282148,0.0025682567306456092
5,28,27480,518.4905660377359,114.28399555518726,0.22041673087426944,A,Y,AY,0.21981094050547123,0.2257762812282148,0.002560151447678069
3,2,27322,515.5094339622641,115.59588471539536,0.22423621586691878,A,Y,AY,0.21981094050547123,0.2257762812282148,0.002545431508495641
3,6,27314,515.3584905660377,114.05786222851683,0.22131751841954278,A,Y,AY,0.21981094050547123,0.2257762812282148,0.0025446861951193152
10,14,27188,512.9811320754717,115.74482719227967,0.2256317434600126,A,Y,AY,0.21981094050547123,0.2257762812282148,0.0025329475094421888
10,46,26962,508.7169811320755,112.21688775938976,0.22058805174867063,A,Y,AY,0.21981094050547123,0.2257762812282148,0.0025118924065609936
10,31,26832,506.2641509433962,112.51087997703847,0.22223750144540247,A,Y,AY,0.21981094050547123,0.2257762812282148,0.0024997810641957043
5,13,26390,497.92452830188677,110.04838954132225,0.22101419650208715,A,Y,AY,0.21981094050547123,0.2257762812282148,0.002458602500153721
6,18,26337,496.92452830188677,110.7835465874096,0.22293837449719822,A,Y,AY,0.21981094050547123,0.2257762812282148,0.0024536647990355646
8,9,26236,495.0188679245283,110.00917628963744,0.22223228934863487,A,Y,AY,0.21981094050547123,0.2257762812282148,0.0024442552176594553
1,11,26055,491.60377358490564,109.46747666327506,0.22267419931504812,A,Y,AY,0.21981094050547123,0.2257762812282148,0.0024273925025200906
8,43,25902,488.7169811320755,109.80058451548399,0.22467110567989543,A,Y,AY,0.21981094050547123,0.2257762812282148,0.002413138384197866
5,25,25389,479.0377358490566,105.68093530567722,0.2206108775926934,A,Y,AY,0.21981094050547123,0.2257762812282148,0.0023653451639409936
4,2,25294,477.24528301886795,106.63144752990186,0.22343111880623065,A,Y,AY,0.21981094050547123,0.2257762812282148,0.0023564945675971284
9,46,25244,476.3018867924528,105.55341063353453,0.22161031387962804,A,Y,AY,0.21981094050547123,0.2257762812282148,0.002351836358995094
6,45,25242,476.2641509433962,105.37098399015596,0.2212448360462034,A,Y,AY,0.21981094050547123,0.2257762812282148,0.002351650030651013
6,38,25168,474.8679245283019,105.56169135698822,0.22229695017166146,A,Y,AY,0.21981094050547123,0.2257762812282148,0.002344755881920002
4,6,25025,472.1698113207547,104.29262379866498,0.22087948297019955,A,Y,AY,0.21981094050547123,0.2257762812282148,0.0023314334053181835
7,13,24121,455.1132075471698,102.41218759678918,0.22502574282284427,A,Y,AY,0.21981094050547123,0.2257762812282148,0.0022472129937934028
8,26,24052,453.811320754717,100.60051548341966,0.2216791668310844,A,Y,AY,0.21981094050547123,0.2257762812282148,0.0022407846659225953
3,43,23870,450.37735849056605,99.96407555007224,0.22195626326576576,A,Y,AY,0.21981094050547123,0.2257762812282148,0.0022238287866111904
10,48,23747,448.0566037735849,100.24689043601295,0.22373711176606248,A,Y,AY,0.21981094050547123,0.2257762812282148,0.002212369593450186
10,9,23636,445.9622641509434,99.74852269277181,0.2236703208121893,A,Y,AY,0.21981094050547123,0.2257762812282148,0.00220202837035367
7,25,23290,439.4339622641509,96.86201713181849,0.2204245130092907,A,Y,AY,0.21981094050547123,0.2257762812282148,0.0021697935668275924
7,22,22982,433.62264150943395,95.38086133115414,0.2199628252785297,A,Y,AY,0.21981094050547123,0.2257762812282148,0.0021410990018390606
2,39,22743,429.1132075471698,95.52842113885801,0.2226182262832289,A,Y,AY,0.21981094050547123,0.2257762812282148,0.0021188327647213368
9,43,22272,420.22641509433964,93.8717704574937,0.2233837928451493,A,Y,AY,0.21981094050547123,0.2257762812282148,0.0020749524396901733
8,39,22214,419.1320754716981,92.99711280378736,0.22188020971462727,A,Y,AY,0.21981094050547123,0.2257762812282148,0.0020695489177118133
9,9,22181,418.50943396226415,93.76743379264492,0.22405094409675763,A,Y,AY,0.21981094050547123,0.2257762812282148,0.002066474500034471
7,36,22003,415.1509433962264,93.05506976359896,0.2241475570363471,A,Y,AY,0.21981094050547123,0.2257762812282148,0.0020498912774112284
10,20,21990,414.9056603773585,92.37221197019726,0.22263425349797428,A,Y,AY,0.21981094050547123,0.2257762812282148,0.0020486801431746997
5,11,21862,412.49056603773585,93.10965880688738,0.2257255473774143,A,Y,AY,0.21981094050547123,0.2257762812282148,0.0020367551291534916
1,31,21790,411.1320754716981,91.65697710146684,0.22293803517107583,A,Y,AY,0.21981094050547123,0.2257762812282148,0.0020300473087665623
6,11,21690,409.24528301886795,91.9765659243988,0.2247467954814724,A,Y,AY,0.21981094050547123,0.2257762812282148,0.0020207308915624936
2,30,21329,402.4339622641509,90.13334340638835,0.22397051903692544,A,Y,AY,0.21981094050547123,0.2257762812282148,0.0019870986254558057
2,21,21188,399.77358490566036,88.89138608208118,0.22235432614453007,A,Y,AY,0.21981094050547123,0.2257762812282148,0.001973962477198069
5,35,20770,391.8867924528302,87.40415858293423,0.22303420341336128,A,Y,AY,0.21981094050547123,0.2257762812282148,0.0019350198532850618
3,32,20757,391.64150943396226,87.34769037050953,0.22302970514221732,A,Y,AY,0.21981094050547123,0.2257762812282148,0.001933808719048533
4,26,20729,391.1132075471698,87.83762562849844,0.22458363444017646,A,Y,AY,0.21981094050547123,0.2257762812282148,0.0019312001222313937
6,50,20694,390.45283018867923,86.67325158267067,0.22198136338463062,A,Y,AY,0.21981094050547123,0.2257762812282148,0.0019279393762099697
8,19,20512,387.0188679245283,86.61574971501295,0.2238023954219816,A,Y,AY,0.21981094050547123,0.2257762812282148,0.0019109834968985646
6,35,20432,385.50943396226415,84.96732916052757,0.22040272344890177,A,Y,AY,0.21981094050547123,0.2257762812282148,0.0019035303631353099
9,26,20271,382.47169811320754,85.26375453523947,0.22292827144036761,A,Y,AY,0.21981094050547123,0.2257762812282148,0.0018885309314367591
10,32,20251,382.0943396226415,84.55432121763349,0.22129173989109552,A,Y,AY,0.21981094050547123,0.2257762812282148,0.0018866676479959454
7,12,19982,377.0188679245283,83.56883173262202,0.22165689529721583,A,Y,AY,0.21981094050547123,0.2257762812282148,0.0018616064857170007
7,33,19852,374.5660377358491,83.5711372318776,0.22311456141897604,A,Y,AY,0.21981094050547123,0.2257762812282148,0.0018494951433517116
1,48,19266,363.50943396226415,80.0767955060615,0.22028808065095296,A,Y,AY,0.21981094050547123,0.2257762812282148,0.0017949009385358691
9,32,19135,361.0377358490566,81.04912144547113,0.22448933559498144,A,Y,AY,0.21981094050547123,0.2257762812282148,0.0017826964319985392
7,35,19019,358.8490566037736,80.21638913358886,0.2235379685619754,A,Y,AY,0.21981094050547123,0.2257762812282148,0.0017718893880418196
10,21,18832,355.3207547169811,78.93078116174998,0.2221395179254858,A,Y,AY,0.21981094050547123,0.2257762812282148,0.001754467687870211
7,50,18743,353.64150943396226,79.43819424791896,0.22462915729284025,A,Y,AY,0.21981094050547123,0.2257762812282148,0.00174617607655859
10,19,18584,350.64150943396226,78.44402569290132,0.22371574266701302,A,Y,AY,0.21981094050547123,0.2257762812282148,0.0017313629732041208
6,14,18509,349.22641509433964,77.35498629182867,0.22150382373261218,A,Y,AY,0.21981094050547123,0.2257762812282148,0.0017243756603010692
6,31,18463,348.35849056603774,76.72230002257957,0.22023950068768441,A,Y,AY,0.21981094050547123,0.2257762812282148,0.0017200901083871977
8,42,18410,347.35849056603774,76.80146591640397,0.22110144994945194,A,Y,AY,0.21981094050547123,0.2257762812282148,0.0017151524072690414
6,6,18362,346.45283018867923,76.19826518258795,0.2199383539198977,A,Y,AY,0.21981094050547123,0.2257762812282148,0.0017106805270110884
5,2,18347,346.1698113207547,77.95011616142146,0.22517883885950496,A,Y,AY,0.21981094050547123,0.2257762812282148,0.0017092830644304781
6,46,18112,341.7358490566038,75.92636892294358,0.22217853096930265,A,Y,AY,0.21981094050547123,0.2257762812282148,0.0016873894840009167
1,26,17880,337.35849056603774,76.0291174838305,0.22536595227309936,A,Y,AY,0.21981094050547123,0.2257762812282148,0.0016657753960874775
9,21,17524,330.64150943396226,73.27112306086805,0.22160291726923115,A,Y,AY,0.21981094050547123,0.2257762812282148,0.001632608950840993
4,19,17440,329.0566037735849,72.72033233145787,0.22099642279628823,A,Y,AY,0.21981094050547123,0.2257762812282148,0.0016247831603895754
3,42,17296,326.33962264150944,73.63212702770504,0.2256303614979398,A,Y,AY,0.21981094050547123,0.2257762812282148,0.0016113675196157164
4,21,17230,325.0943396226415,72.86189891498726,0.2241254000286898,A,Y,AY,0.21981094050547123,0.2257762812282148,0.0016052186842610311
10,42,16935,319.52830188679246,71.83597871154518,0.2248188291533448,A,Y,AY,0.21981094050547123,0.2257762812282148,0.0015777352535090285
7,6,16772,316.45283018867923,71.1257191494631,0.224759308068301,A,Y,AY,0.21981094050547123,0.2257762812282148,0.0015625494934663965
2,18,44776,844.8301886792453,191.47652355084568,0.22664498276297168,A,Z,AZ,0.21981094050547123,0.2257762812282148,0.004171518967293786
9,18,36588,690.3396226415094,160.065724889716,0.2318651858301888,A,Z,AZ,0.21981094050547123,0.2257762812282148,0.0034086907266246435
2,50,34684,654.4150943396227,148.42240059555908,0.2268016154873899,A,Z,AZ,0.21981094050547123,0.2257762812282148,0.003231306143059176
4,25,34602,652.8679245283018,147.63442866859305,0.22613215188241811,A,Z,AZ,0.21981094050547123,0.2257762812282148,0.0032236666809518397
1,28,32689,616.7735849056604,140.4292377935803,0.22768361231789763,A,Z,AZ,0.21981094050547123,0.2257762812282148,0.003045443619838006
10,33,32313,609.6792452830189,137.83794464527844,0.226082724172926,A,Z,AZ,0.21981094050547123,0.2257762812282148,0.003010413891150708
2,46,30774,580.6415094339623,133.45455785795556,0.22983985073346477,A,Z,AZ,0.21981094050547123,0.2257762812282148,0.0028670342303800914
2,31,30751,580.2075471698113,132.35781318522768,0.2281214951974592,A,Z,AZ,0.21981094050547123,0.2257762812282148,0.0028648914544231554
9,12,30203,569.8679245283018,128.95959977626995,0.22629734755296851,A,Z,AZ,0.21981094050547123,0.2257762812282148,0.002813837488144859
8,2,29517,556.9245283018868,126.34565668718307,0.2268631569746486,A,Z,AZ,0.21981094050547123,0.2257762812282148,0.002749926866124948
8,6,29474,556.1132075471698,125.7727897038879,0.22616400401391254,A,Z,AZ,0.21981094050547123,0.2257762812282148,0.0027459208067271987
4,50,28230,532.6415094339623,121.99370953827322,0.22903530306512507,A,Z,AZ,0.21981094050547123,0.2257762812282148,0.0026300245767085844
3,31,27455,518.0188679245283,117.81153309189635,0.22742710813587713,A,Z,AZ,0.21981094050547123,0.2257762812282148,0.002557822343377052
6,15,27314,515.3584905660377,120.17008688643435,0.23317765999051843,A,Z,AZ,0.21981094050547123,0.2257762812282148,0.0025446861951193152
10,7,26869,506.9622641509434,115.21884899618556,0.22727302827786053,A,Z,AZ,0.21981094050547123,0.2257762812282148,0.00250322813856121
6,13,26589,501.6792452830189,113.79481764340748,0.2268278361390273,A,Z,AZ,0.21981094050547123,0.2257762812282148,0.0024771421703898176
1,12,26143,493.2641509433962,115.14976050334091,0.23344441367391153,A,Z,AZ,0.21981094050547123,0.2257762812282148,0.0024355909496596713
8,48,26027,491.07547169811323,111.23620900805976,0.22651550610624224,A,Z,AZ,0.21981094050547123,0.2257762812282148,0.0024247839057029517
4,7,25293,477.22641509433964,107.83920392978149,0.22597073531326528,A,Z,AZ,0.21981094050547123,0.2257762812282148,0.0023564014034250878
4,14,25277,476.92452830188677,108.86545137084154,0.22826557434246952,A,Z,AZ,0.21981094050547123,0.2257762812282148,0.0023549107766724364
6,25,25222,475.8867924528302,109.21602805332446,0.2295000193016492,A,Z,AZ,0.21981094050547123,0.2257762812282148,0.002349786747210199
7,15,25022,472.1132075471698,106.75775244365857,0.22612744303068918,A,Z,AZ,0.21981094050547123,0.2257762812282148,0.0023311539128020617
6,22,25003,471.75471698113205,109.05360461371868,0.23116590187285888,A,Z,AZ,0.21981094050547123,0.2257762812282148,0.0023293837935332885
7,28,24956,470.8679245283019,107.47683788681185,0.22825262093288298,A,Z,AZ,0.21981094050547123,0.2257762812282148,0.0023250050774473764
5,8,24182,456.2641509433962,103.5372751427078,0.22692397579040252,A,Z,AZ,0.21981094050547123,0.2257762812282148,0.0022528960082878846
6,36,24181,456.24528301886795,105.08090393384035,0.23031669114153833,A,Z,AZ,0.21981094050547123,0.2257762812282148,0.002252802844115844
6,8,24031,453.41509433962267,103.82556265239828,0.2289856776903628,A,Z,AZ,0.21981094050547123,0.2257762812282148,0.002238828218309741
2,32,23405,441.60377358490564,101.62380468076323,0.23012440282334765,A,Z,AZ,0.21981094050547123,0.2257762812282148,0.0021805074466122714
7,45,23095,435.75471698113205,99.14827778099622,0.22753231099340984,A,Z,AZ,0.21981094050547123,0.2257762812282148,0.0021516265532796584
7,38,22693,428.1698113207547,97.8257351402633,0.22847415337037655,A,Z,AZ,0.21981094050547123,0.2257762812282148,0.0021141745561193024
8,32,22208,419.0188679245283,95.70818841386034,0.22841021190267463,A,Z,AZ,0.21981094050547123,0.2257762812282148,0.0020689899326795692
10,26,22133,417.60377358490564,94.34518038781466,0.22592032533114254,A,Z,AZ,0.21981094050547123,0.2257762812282148,0.0020620026197765177
3,26,22120,417.35849056603774,96.54414979280853,0.23132187789416148,A,Z,AZ,0.21981094050547123,0.2257762812282148,0.002060791485539989
1,2,21823,411.75471698113205,96.2666380545317,0.2337960783068405,A,Z,AZ,0.21981094050547123,0.2257762812282148,0.0020331217264439047
1,14,21783,411.0,94.89386784111053,0.23088532321438085,A,Z,AZ,0.21981094050547123,0.2257762812282148,0.0020293951595622773
5,33,21764,410.64150943396226,95.72558823967415,0.2331123036529466,A,Z,AZ,0.21981094050547123,0.2257762812282148,0.0020276250402935046
6,33,21740,410.188679245283,94.45960809617836,0.2302833132059546,A,Z,AZ,0.21981094050547123,0.2257762812282148,0.002025389100164528
5,29,21660,408.6792452830189,94.17287164181411,0.23043223439594404,A,Z,AZ,0.21981094050547123,0.2257762812282148,0.002017935966401273
5,12,21641,408.3207547169811,94.87943231460928,0.23236495137351748,A,Z,AZ,0.21981094050547123,0.2257762812282148,0.0020161658471325
1,7,21568,406.9433962264151,92.14587412908438,0.22643413060281306,A,Z,AZ,0.21981094050547123,0.2257762812282148,0.00200936486257353
6,29,21558,406.75471698113205,92.71915942996426,0.22794857824418344,A,Z,AZ,0.21981094050547123,0.2257762812282148,0.002008433220853123
7,10,21112,398.33962264150944,92.022142694075,0.23101428395159032,A,Z,AZ,0.21981094050547123,0.2257762812282148,0.001966882000122977
5,50,20829,393.0,90.06109037758759,0.2291630798411898,A,Z,AZ,0.21981094050547123,0.2257762812282148,0.0019405165394354624
6,24,20709,390.7358490566038,89.4975614071296,0.2290487592147312,A,Z,AZ,0.21981094050547123,0.2257762812282148,0.00192933683879058
5,24,20543,387.60377358490564,91.94361558599202,0.23721032108541,A,Z,AZ,0.21981094050547123,0.2257762812282148,0.001913871586231826
4,20,20514,387.0566037735849,87.73811887445756,0.22668033052287465,A,Z,AZ,0.21981094050547123,0.2257762812282148,0.001911169825242646
8,30,20198,381.0943396226415,92.55731366833106,0.2428724440252276,A,Z,AZ,0.21981094050547123,0.2257762812282148,0.001881729946877789
7,11,19992,377.20754716981133,88.52929947210565,0.23469652220996395,A,Z,AZ,0.21981094050547123,0.2257762812282148,0.0018625381274374076
1,43,19013,358.7358490566038,84.58112876981944,0.23577551279653028,A,Z,AZ,0.21981094050547123,0.2257762812282148,0.0017713304030095754
4,32,18998,358.45283018867923,82.85542692354043,0.23114736429874952,A,Z,AZ,0.21981094050547123,0.2257762812282148,0.001769932940428965
3,19,18824,355.1698113207547,80.99827534941164,0.2280550676539958,A,Z,AZ,0.21981094050547123,0.2257762812282148,0.0017537223744938856
8,3,18536,349.7358490566038,81.11178206728428,0.23192298497874766,A,Z,AZ,0.21981094050547123,0.2257762812282148,0.0017268910929461678
6,2,18501,349.07547169811323,78.82181683943458,0.22580164815361506,A,Z,AZ,0.21981094050547123,0.2257762812282148,0.0017236303469247438
5,7,18288,345.0566037735849,79.80539192655797,0.2312820304083318,A,Z,AZ,0.21981094050547123,0.2257762812282148,0.0017037863782800775
6,7,18202,343.4339622641509,78.84003020575716,0.22956387215169374,A,Z,AZ,0.21981094050547123,0.2257762812282148,0.0016957742594845785
4,30,17396,328.22641509433964,75.57055834664969,0.2302391120011746,A,Z,AZ,0.21981094050547123,0.2257762812282148,0.001620683936819785
7,31,17010,320.9433962264151,72.76871028083526,0.22673378276803463,A,Z,AZ,0.21981094050547123,0.2257762812282148,0.00158472256641208
10,3,16869,318.2830188679245,74.27997384078763,0.23337711859397384,A,Z,AZ,0.21981094050547123,0.2257762812282148,0.0015715864181543432
7,14,16726,315.58490566037733,66.94901445884143,0.21214263818716944,B,X,BX,0.21981094050547123,0.2257762812282148,0.001558263941552525
6,9,16243,306.47169811320754,66.61906742921192,0.2173742888473947,B,X,BX,0.21981094050547123,0.2257762812282148,0.0015132656464568735
4,42,15808,298.2641509433962,64.977851535201,0.2178533736946896,B,X,BX,0.21981094050547123,0.2257762812282148,0.0014727392316191746
9,3,15770,297.54716981132077,61.81223616657882,0.2077392845167202,B,X,BX,0.21981094050547123,0.2257762812282148,0.0014691989930816286
6,26,14895,281.0377358490566,61.66752114367663,0.21942790336454254,B,X,BX,0.21981094050547123,0.2257762812282148,0.0013876803425460279
7,48,14759,278.47169811320754,58.06150709959518,0.20850056753699742,B,X,BX,0.21981094050547123,0.2257762812282148,0.0013750100151484943
10,40,13470,254.1509433962264,55.736811557124675,0.2193059400540169,B,X,BX,0.21981094050547123,0.2257762812282148,0.0012549213973880493
10,37,13438,253.54716981132074,52.99984253885747,0.20903346141981294,B,X,BX,0.21981094050547123,0.2257762812282148,0.0012519401438827473
4,44,12695,239.52830188679246,52.48684955212221,0.21912587839798953,B,X,BX,0.21981094050547123,0.2257762812282148,0.0011827191640565171
4,23,12667,239.0,50.534831856544535,0.2114428111152491,B,X,BX,0.21981094050547123,0.2257762812282148,0.001180110567239378
4,37,12666,238.9811320754717,52.16707278838965,0.21828950400952563,B,X,BX,0.21981094050547123,0.2257762812282148,0.001180017403067337
9,23,12605,237.83018867924528,50.54652687188181,0.21253200509398937,B,X,BX,0.21981094050547123,0.2257762812282148,0.0011743343885728553
1,17,12156,229.35849056603774,50.301435344111155,0.21931359602154418,B,X,BX,0.21981094050547123,0.2257762812282148,0.001132503675326587
3,16,12055,227.45283018867926,49.71246788271368,0.21856165887879095,B,X,BX,0.21981094050547123,0.2257762812282148,0.0011230940939504777
2,4,11651,219.83018867924528,47.4563507337397,0.21587731429818935,B,X,BX,0.21981094050547123,0.2257762812282148,0.0010854557684460402
2,47,11463,216.28301886792454,46.93914938041942,0.21702651288163913,B,X,BX,0.21981094050547123,0.2257762812282148,0.0010679409041023911
5,42,11362,214.37735849056602,46.63905033301133,0.21755585879683162,B,X,BX,0.21981094050547123,0.2257762812282148,0.0010585313227262818
8,41,11198,211.28301886792454,44.79585203946842,0.21201823165670888,B,X,BX,0.21981094050547123,0.2257762812282148,0.0010432523985116093
9,34,11132,210.03773584905662,45.98493158890829,0.21893652301582278,B,X,BX,0.21981094050547123,0.2257762812282148,0.0010371035631569238
8,1,11066,208.79245283018867,45.64383794056814,0.2186086581285118,B,X,BX,0.21981094050547123,0.2257762812282148,0.0010309547278022386
1,49,10909,205.83018867924528,43.7605968920481,0.21260533827835268,B,X,BX,0.21981094050547123,0.2257762812282148,0.0010163279527918507
6,17,10251,193.41509433962264,40.44057081421318,0.2090869430449028,B,X,BX,0.21981094050547123,0.2257762812282148,0.0009550259275890789
1,32,16425,309.9056603773585,68.87817119627944,0.22225528605192146,B,Y,BY,0.21981094050547123,0.2257762812282148,0.0015302215257682783
8,17,16288,307.3207547169811,68.6327387635717,0.2233260777547458,B,Y,BY,0.21981094050547123,0.2257762812282148,0.0015174580341987044
6,43,16176,305.20754716981133,68.02130845171467,0.22286902497161706,B,Y,BY,0.21981094050547123,0.2257762812282148,0.0015070236469301474
5,48,16161,304.92452830188677,67.35178858244221,0.22088019273989465,B,Y,BY,0.21981094050547123,0.2257762812282148,0.001505626184349537
5,43,16043,302.6981132075472,67.49973928885848,0.2229935911182135,B,Y,BY,0.21981094050547123,0.2257762812282148,0.001494632812048736
5,9,15901,300.0188679245283,66.90765466327387,0.22301148966439313,B,Y,BY,0.21981094050547123,0.2257762812282148,0.0014814034996189585
4,3,15827,298.62264150943395,66.52970025458681,0.22278853310754415,B,Y,BY,0.21981094050547123,0.2257762812282148,0.0014745093508879478
3,17,15467,291.8301886792453,64.75270586833733,0.22188487819369487,B,Y,BY,0.21981094050547123,0.2257762812282148,0.0014409702489533004
2,49,15408,290.7169811320755,64.20022087144206,0.2208340930806353,B,Y,BY,0.21981094050547123,0.2257762812282148,0.0014354735628029
5,26,14883,280.811320754717,62.65229340874849,0.22311170803357322,B,Y,BY,0.21981094050547123,0.2257762812282148,0.0013865623724815396
8,37,14865,280.47169811320754,62.019415004058,0.22112539490178768,B,Y,BY,0.21981094050547123,0.2257762812282148,0.0013848854173848073
6,20,14841,280.0188679245283,62.58793523639601,0.2235132785883019,B,Y,BY,0.21981094050547123,0.2257762812282148,0.0013826494772558307
8,44,14830,279.811320754717,61.82421003376414,0.22094963801682396,B,Y,BY,0.21981094050547123,0.2257762812282148,0.0013816246713633832
7,9,14809,279.41509433962267,62.201729496813634,0.2226140632946939,B,Y,BY,0.21981094050547123,0.2257762812282148,0.0013796682237505286
8,23,14792,279.0943396226415,62.233822164399726,0.22298489553225972,B,Y,BY,0.21981094050547123,0.2257762812282148,0.001378084432825837
5,20,14759,278.47169811320754,62.32501774926002,0.22381095878520096,B,Y,BY,0.21981094050547123,0.2257762812282148,0.0013750100151484943
8,40,14756,278.41509433962267,61.45931548664597,0.22074706700950367,B,Y,BY,0.21981094050547123,0.2257762812282148,0.0013747305226323723
7,43,14728,277.8867924528302,62.52896571170296,0.22501596840849108,B,Y,BY,0.21981094050547123,0.2257762812282148,0.001372121925815233
4,17,14112,266.2641509433962,59.290079252965526,0.2226739087590117,B,Y,BY,0.21981094050547123,0.2257762812282148,0.0013147327958381702
5,32,13782,260.0377358490566,57.92865713834525,0.2227701950611158,B,Y,BY,0.21981094050547123,0.2257762812282148,0.0012839886190647435
3,37,13749,259.41509433962267,57.20524248510262,0.22051624494220953,B,Y,BY,0.21981094050547123,0.2257762812282148,0.0012809142013874009
3,23,13737,259.188679245283,58.40345636629525,0.22533181825825496,B,Y,BY,0.21981094050547123,0.2257762812282148,0.0012797962313229126
3,49,13695,258.39622641509436,57.643913422988405,0.22308341813934904,B,Y,BY,0.21981094050547123,0.2257762812282148,0.0012758833360972037
2,34,13650,257.54716981132077,57.34026845129663,0.2226398701771957,B,Y,BY,0.21981094050547123,0.2257762812282148,0.0012716909483553728
6,39,13619,256.9622641509434,57.89810753654646,0.2253175489710671,B,Y,BY,0.21981094050547123,0.2257762812282148,0.0012688028590221116
1,42,13543,255.52830188679246,57.29733641734577,0.22423088164508054,B,Y,BY,0.21981094050547123,0.2257762812282148,0.0012617223819470194
7,26,13520,255.0943396226415,56.36394924981999,0.2209533513491464,B,Y,BY,0.21981094050547123,0.2257762812282148,0.0012595796059900837
8,34,13005,245.37735849056602,55.18717326415844,0.22490735740103018,B,Y,BY,0.21981094050547123,0.2257762812282148,0.00121160005738913
9,37,12871,242.8490566037736,54.245310405748114,0.2233704802660749,B,Y,BY,0.21981094050547123,0.2257762812282148,0.001199116058335678
5,30,12550,236.79245283018867,52.632016612648236,0.2222706677665623,B,Y,BY,0.21981094050547123,0.2257762812282148,0.0011692103591106175
6,19,12517,236.16981132075472,52.96251789602522,0.22425608760001092,B,Y,BY,0.21981094050547123,0.2257762812282148,0.0011661359414332749
5,21,12463,235.1509433962264,51.84533070972334,0.22047681357741614,B,Y,BY,0.21981094050547123,0.2257762812282148,0.001161105076143078
2,27,11663,220.0566037735849,49.59467057842295,0.22537233479005542,B,Y,BY,0.21981094050547123,0.2257762812282148,0.0010865737385105285
7,30,11433,215.71698113207546,48.07821246456755,0.22287634572046533,B,Y,BY,0.21981094050547123,0.2257762812282148,0.0010651459789411705
8,47,11177,210.88679245283018,47.21947951092873,0.22390913609011565,B,Y,BY,0.21981094050547123,0.2257762812282148,0.0010412959508987547
4,34,11163,210.62264150943398,47.5100096397082,0.22556933717679248,B,Y,BY,0.21981094050547123,0.2257762812282148,0.0010399916524901852
1,23,10975,207.0754716981132,46.33276339390443,0.22374819679972072,B,Y,BY,0.21981094050547123,0.2257762812282148,0.0010224767881465361
1,40,10891,205.49056603773585,45.312429370346834,0.2205085627241192,B,Y,BY,0.21981094050547123,0.2257762812282148,0.0010146509976951183
3,1,10418,196.56603773584905,43.5150325192616,0.22137614931089125,B,Y,BY,0.21981094050547123,0.2257762812282148,0.0009705843443198736
10,27,10077,190.1320754716981,42.76232963712564,0.22490855123227738,B,Y,BY,0.21981094050547123,0.2257762812282148,0.0009388153616539995
10,41,10063,189.8679245283019,42.48983486392276,0.22378627126979092,B,Y,BY,0.21981094050547123,0.2257762812282148,0.0009375110632454299
7,2,16682,314.75471698113205,72.56002969965289,0.23052880794158995,B,Z,BZ,0.21981094050547123,0.2257762812282148,0.001554164717982735
1,39,16321,307.9433962264151,69.80643983251103,0.22668594517021537,B,Z,BZ,0.21981094050547123,0.2257762812282148,0.001520532451876047
6,48,16105,303.8679245283019,70.35105317014123,0.23151852331682612,B,Z,BZ,0.21981094050547123,0.2257762812282148,0.0015004089907152587
9,42,15630,294.9056603773585,67.82989587959194,0.2300054050939458,B,Z,BZ,0.21981094050547123,0.2257762812282148,0.0014561560089959324
2,44,15488,292.22641509433964,67.09884829615586,0.22961253613741353,B,Z,BZ,0.21981094050547123,0.2257762812282148,0.001442926696566155
2,23,15486,292.188679245283,65.97670235766026,0.2258017063771144,B,Z,BZ,0.21981094050547123,0.2257762812282148,0.0014427403682220736
2,40,15413,290.811320754717,67.95701599704084,0.2336807790724171,B,Z,BZ,0.21981094050547123,0.2257762812282148,0.0014359393836631035
2,37,15390,290.37735849056605,65.97704333125576,0.2272113902895747,B,Z,BZ,0.21981094050547123,0.2257762812282148,0.0014337966077061677
10,17,15273,288.1698113207547,66.07651038730566,0.22929712895483534,B,Z,BZ,0.21981094050547123,0.2257762812282148,0.0014228963995774073
1,19,15160,286.0377358490566,65.33227564480578,0.22840439374503338,B,Z,BZ,0.21981094050547123,0.2257762812282148,0.0014123688481368097
1,30,15157,285.9811320754717,66.02927397579563,0.2308868193387325,B,Z,BZ,0.21981094050547123,0.2257762812282148,0.0014120893556206877
1,21,14888,280.9056603773585,65.44441685975363,0.2329764974185211,B,Z,BZ,0.21981094050547123,0.2257762812282148,0.001387028193341743
8,49,14859,280.35849056603774,63.979291823942354,0.22820529421017194,B,Z,BZ,0.21981094050547123,0.2257762812282148,0.001384326432352563
9,17,14288,269.58490566037733,63.895176765803214,0.23701318369173927,B,Z,BZ,0.21981094050547123,0.2257762812282148,0.001331129690117331
3,40,13950,263.20754716981133,62.96743923237876,0.23923113113376876,B,Z,BZ,0.21981094050547123,0.2257762812282148,0.0012996401999675789
6,32,13772,259.8490566037736,61.66297861590204,0.23730306902721524,B,Z,BZ,0.21981094050547123,0.2257762812282148,0.0012830569773443366
5,39,13656,257.66037735849056,62.57148016967549,0.2428447897622145,B,Z,BZ,0.21981094050547123,0.2257762812282148,0.001272249933387617
10,23,13650,257.54716981132077,58.26846555706147,0.22624385893950605,B,Z,BZ,0.21981094050547123,0.2257762812282148,0.0012716909483553728
1,3,13646,257.47169811320754,59.576906914051605,0.23139206114940167,B,Z,BZ,0.21981094050547123,0.2257762812282148,0.0012713182916672101
7,20,13606,256.7169811320755,58.769882841236914,0.22892869253164458,B,Z,BZ,0.21981094050547123,0.2257762812282148,0.0012675917247855827
3,44,13597,256.54716981132077,59.30934744000368,0.23118301201148744,B,Z,BZ,0.21981094050547123,0.2257762812282148,0.0012667532472372164
2,16,13542,255.50943396226415,57.915595960351375,0.22666715299797835,B,Z,BZ,0.21981094050547123,0.2257762812282148,0.0012616292177749786
10,44,13542,255.50943396226415,58.0313650741196,0.2271202443456165,B,Z,BZ,0.21981094050547123,0.2257762812282148,0.0012616292177749786
10,49,13405,252.9245283018868,59.35935188344986,0.2346919544813758,B,Z,BZ,0.21981094050547123,0.2257762812282148,0.0012488657262054047
8,16,13003,245.33962264150944,56.316394455524645,0.22954463632567917,B,Z,BZ,0.21981094050547123,0.2257762812282148,0.0012114137290450487
9,49,12942,244.18867924528303,56.69590156255821,0.23218071262676443,B,Z,BZ,0.21981094050547123,0.2257762812282148,0.0012057307145505666
5,19,12711,239.83018867924528,54.62273964661766,0.22775589656759782,B,Z,BZ,0.21981094050547123,0.2257762812282148,0.001184209790809168
4,49,12658,238.83018867924528,54.53535756702907,0.22834365231889245,B,Z,BZ,0.21981094050547123,0.2257762812282148,0.0011792720896910117
4,40,12606,237.8490566037736,56.936332940471964,0.23938010834880327,B,Z,BZ,0.21981094050547123,0.2257762812282148,0.001174427552744896
6,21,12602,237.77358490566039,56.54631917199655,0.23781581622883805,B,Z,BZ,0.21981094050547123,0.2257762812282148,0.0011740548960567333
9,40,12591,237.56603773584905,54.1246813577269,0.22783004622027844,B,Z,BZ,0.21981094050547123,0.2257762812282148,0.0011730300901642858
9,44,12583,237.41509433962264,54.58811999604369,0.22992691407377536,B,Z,BZ,0.21981094050547123,0.2257762812282148,0.0011722847767879601
7,39,12517,236.16981132075472,54.79041741352525,0.23199585546990797,B,Z,BZ,0.21981094050547123,0.2257762812282148,0.0011661359414332749
7,32,12498,235.81132075471697,55.45478289831261,0.23516590603381088,B,Z,BZ,0.21981094050547123,0.2257762812282148,0.001164365822164502
6,30,12414,234.22641509433961,54.02550733376353,0.2306550578934644,B,Z,BZ,0.21981094050547123,0.2257762812282148,0.0011565400317130842
3,34,12055,227.45283018867926,51.36542013910493,0.22582888986914648,B,Z,BZ,0.21981094050547123,0.2257762812282148,0.0011230940939504777
10,16,11807,222.77358490566039,52.0083726652346,0.23345843578025188,B,Z,BZ,0.21981094050547123,0.2257762812282148,0.0010999893792843873
10,34,11751,221.71698113207546,54.074513176972374,0.2438898134949822,B,Z,BZ,0.21981094050547123,0.2257762812282148,0.001094772185650109
2,41,11706,220.8679245283019,51.1532530493678,0.23160109444870094,B,Z,BZ,0.21981094050547123,0.2257762812282148,0.001090579797908278
7,19,11613,219.11320754716982,50.08633330305343,0.2285865551590314,B,Z,BZ,0.21981094050547123,0.2257762812282148,0.0010819155299084942
7,21,11609,219.03773584905662,49.83741345004194,0.22752889248447092,B,Z,BZ,0.21981094050547123,0.2257762812282148,0.0010815428732203313
2,1,11584,218.56603773584905,50.81206301125832,0.23247922475800162,B,Z,BZ,0.21981094050547123,0.2257762812282148,0.0010792137689193142
6,3,11452,216.0754716981132,49.12967498076424,0.22737275357845835,B,Z,BZ,0.21981094050547123,0.2257762812282148,0.0010669160982099437
5,3,11431,215.67924528301887,49.065017141663745,0.2274906752259801,B,Z,BZ,0.21981094050547123,0.2257762812282148,0.001064959650597089
6,42,11336,213.88679245283018,49.354159818974374,0.2307489829221632,B,Z,BZ,0.21981094050547123,0.2257762812282148,0.001056109054253224
4,16,11210,211.50943396226415,47.77616988927455,0.22588198074322488,B,Z,BZ,0.21981094050547123,0.2257762812282148,0.0010443703685760974
1,44,11159,210.54716981132074,47.70121996413467,0.22655835272866187,B,Z,BZ,0.21981094050547123,0.2257762812282148,0.0010396189958020224
9,16,11146,210.30188679245282,47.603161217612595,0.2263563201627012,B,Z,BZ,0.21981094050547123,0.2257762812282148,0.0010384078615654935
8,27,11032,208.1509433962264,48.667394007461546,0.23380818368341752,B,Z,BZ,0.21981094050547123,0.2257762812282148,0.0010277871459528551
8,4,10805,203.8679245283019,50.06228341385938,0.24556233419107332,B,Z,BZ,0.21981094050547123,0.2257762812282148,0.0010066388788996193
1,37,10803,203.83018867924528,49.05637880935355,0.24067278319871688,B,Z,BZ,0.21981094050547123,0.2257762812282148,0.001006452550555538
7,3,10585,199.71698113207546,49.548103029158426,0.2480915881478882,B,Z,BZ,0.21981094050547123,0.2257762812282148,0.0009861427610506682
7,42,10398,196.18867924528303,44.5084506253387,0.22686553982909705,B,Z,BZ,0.21981094050547123,0.2257762812282148,0.0009687210608790599
3,47,10363,195.52830188679246,47.246735244794706,0.24163629913867793,B,Z,BZ,0.21981094050547123,0.2257762812282148,0.0009654603148576359
3,41,10351,195.30188679245282,44.56869585502483,0.22820412330367268,B,Z,BZ,0.21981094050547123,0.2257762812282148,0.0009643423447931476
3,4,10350,195.28301886792454,45.78015078716747,0.2344297576540943,B,Z,BZ,0.21981094050547123,0.2257762812282148,0.0009642491806211069
5,17,10349,195.26415094339623,47.044639579951586,0.24092819574233587,B,Z,BZ,0.21981094050547123,0.2257762812282148,0.0009641560164490663
3,27,10298,194.30188679245282,44.65404835883409,0.2298178833771807,B,Z,BZ,0.21981094050547123,0.2257762812282148,0.0009594046436749912
10,47,10259,193.56603773584905,47.05704779796633,0.24310591025365194,B,Z,BZ,0.21981094050547123,0.2257762812282148,0.0009557712409654044
10,4,10125,191.03773584905662,43.96019277279376,0.23011261402055003,B,Z,BZ,0.21981094050547123,0.2257762812282148,0.0009432872419119524
4,47,9553,180.24528301886792,38.5431355059484,0.21383713826183035,C,X,CX,0.21981094050547123,0.2257762812282148,0.0008899973355046796
1,16,9516,179.54716981132074,38.834246403903244,0.21628993898769147,C,X,CX,0.21981094050547123,0.2257762812282148,0.0008865502611391743
6,37,9123,172.1320754716981,37.14837077691039,0.21581318110010422,C,X,CX,0.21981094050547123,0.2257762812282148,0.0008499367415271844
10,5,8564,161.58490566037736,34.412896711655684,0.2129709861884343,C,X,CX,0.21981094050547123,0.2257762812282148,0.0007978579693564405
1,41,8204,154.79245283018867,33.92149221736183,0.21914177078500452,C,X,CX,0.21981094050547123,0.2257762812282148,0.0007643188674217933
9,5,7976,150.49056603773585,32.631168819390965,0.2168319893966551,C,X,CX,0.21981094050547123,0.2257762812282148,0.0007430774361965168
1,5,6824,128.75471698113208,27.616818774893012,0.214491705021883,C,X,CX,0.21981094050547123,0.2257762812282148,0.0006357523100056458
5,4,6778,127.88679245283019,27.76318839575894,0.21709191280248213,C,X,CX,0.21981094050547123,0.2257762812282148,0.0006314667580917742
1,34,9568,180.52830188679246,39.825872810748045,0.2206073640227473,C,Y,CY,0.21981094050547123,0.2257762812282148,0.0008913947980852899
9,47,9514,179.50943396226415,40.50243233033593,0.22562843320452008,C,Y,CY,0.21981094050547123,0.2257762812282148,0.0008863639327950928
6,44,9133,172.32075471698113,38.6526810618048,0.22430659107365097,C,Y,CY,0.21981094050547123,0.2257762812282148,0.0008508683832475913
3,5,8665,163.49056603773585,36.11393436670491,0.22089307806524644,C,Y,CY,0.21981094050547123,0.2257762812282148,0.0008072675507325499
7,49,8376,158.03773584905662,35.41564314523203,0.22409611827809187,C,Y,CY,0.21981094050547123,0.2257762812282148,0.0007803431050127914
6,34,8040,151.69811320754718,34.13636956591582,0.22502830683999234,C,Y,CY,0.21981094050547123,0.2257762812282148,0.0007490399432071208
5,1,6917,130.50943396226415,29.36417403880334,0.2249965626798579,C,Y,CY,0.21981094050547123,0.2257762812282148,0.0006444165780054296
6,1,6745,127.26415094339623,28.054994717378985,0.22044695626702537,C,Y,CY,0.21981094050547123,0.2257762812282148,0.0006283923404144315
10,1,10059,189.79245283018867,44.76492380741095,0.2358625073857024,C,Z,CZ,0.21981094050547123,0.2257762812282148,0.0009371384065572671
2,5,9658,182.22641509433961,42.18988281450076,0.23152451741235666,C,Z,CZ,0.21981094050547123,0.2257762812282148,0.0008997795735689517
9,1,9625,181.60377358490567,41.30204857214036,0.22742946226737026,C,Z,CZ,0.21981094050547123,0.2257762812282148,0.0008967051558916091
9,41,9591,180.96226415094338,45.04483333479711,0.2489183783488945,C,Z,CZ,0.21981094050547123,0.2257762812282148,0.0008935375740422258
4,41,9545,180.0943396226415,42.43196552262465,0.2356096566473658,C,Z,CZ,0.21981094050547123,0.2257762812282148,0.0008892520221283542
9,27,9538,179.96226415094338,42.15035462217413,0.2342177390412276,C,Z,CZ,0.21981094050547123,0.2257762812282148,0.0008885998729240693
9,4,9491,179.0754716981132,43.17578071834495,0.2411038223656393,C,Z,CZ,0.21981094050547123,0.2257762812282148,0.0008842211568381571
4,4,9475,178.77358490566039,40.63138305330478,0.22727844874144099,C,Z,CZ,0.21981094050547123,0.2257762812282148,0.0008827305300855061
4,27,9463,178.54716981132074,41.584744816475414,0.23290621106131218,C,Z,CZ,0.21981094050547123,0.2257762812282148,0.0008816125600210179
4,1,9379,176.96226415094338,41.03842583207883,0.23190495459006058,C,Z,CZ,0.21981094050547123,0.2257762812282148,0.0008737867695696002
7,17,9376,176.9056603773585,42.190622431887995,0.23849221297888906,C,Z,CZ,0.21981094050547123,0.2257762812282148,0.0008735072770534781
8,5,9358,176.56603773584905,40.21744236692594,0.227775640676114,C,Z,CZ,0.21981094050547123,0.2257762812282148,0.0008718303219567457
6,40,9343,176.28301886792454,42.664332679872864,0.24202179514430713,C,Z,CZ,0.21981094050547123,0.2257762812282148,0.0008704328593761354
5,49,9296,175.39622641509433,42.18928939117564,0.24053704149443944,C,Z,CZ,0.21981094050547123,0.2257762812282148,0.0008660541432902232
5,23,9212,173.81132075471697,40.256416881599606,0.23160986699140027,C,Z,CZ,0.21981094050547123,0.2257762812282148,0.0008582283528388055
5,37,9189,173.37735849056602,41.232094675747234,0.23781706581941492,C,Z,CZ,0.21981094050547123,0.2257762812282148,0.0008560855768818697
6,23,9166,172.9433962264151,41.38906167945062,0.23932143454188115,C,Z,CZ,0.21981094050547123,0.2257762812282148,0.0008539428009249339
6,49,9096,171.62264150943398,39.93322619607269,0.23268040769479467,C,Z,CZ,0.21981094050547123,0.2257762812282148,0.0008474213088820858
5,40,9093,171.56603773584905,41.08317521713272,0.23945983575366042,C,Z,CZ,0.21981094050547123,0.2257762812282148,0.0008471418163659638
5,44,9068,171.0943396226415,41.00762787905506,0.2396784602547329,C,Z,CZ,0.21981094050547123,0.2257762812282148,0.0008448127120649466
7,44,8421,158.88679245283018,36.28183502767366,0.22835022639433605,C,Z,CZ,0.21981094050547123,0.2257762812282148,0.0007845354927546223
7,23,8404,158.56603773584905,37.85575326357136,0.23873809173837246,C,Z,CZ,0.21981094050547123,0.2257762812282148,0.0007829517018299307
7,40,8385,158.20754716981133,36.7388698428444,0.23221945160056687,C,Z,CZ,0.21981094050547123,0.2257762812282148,0.0007811815825611577
7,37,8312,156.83018867924528,36.27074252652202,0.23127398386738054,C,Z,CZ,0.21981094050547123,0.2257762812282148,0.0007743805980021875
1,47,8248,155.62264150943398,39.22480887588597,0.25205078448374835,C,Z,CZ,0.21981094050547123,0.2257762812282148,0.0007684180909915835
1,27,8178,154.30188679245282,36.9081942671795,0.23919470483743138,C,Z,CZ,0.21981094050547123,0.2257762812282148,0.0007618965989487355
1,1,8097,152.77358490566039,35.94206958074981,0.23526363934540445,C,Z,CZ,0.21981094050547123,0.2257762812282148,0.0007543503010134399
1,4,8078,152.41509433962264,35.55517595245676,0.2332785745828433,C,Z,CZ,0.21981094050547123,0.2257762812282148,0.0007525801817446668
6,16,8052,151.9245283018868,34.33872508755394,0.22602489190764516,C,Z,CZ,0.21981094050547123,0.2257762812282148,0.0007501579132716089
5,34,8039,151.67924528301887,34.30338264600022,0.22615739274014326,C,Z,CZ,0.21981094050547123,0.2257762812282148,0.00074894677903508
5,16,7912,149.28301886792454,35.33432486673686,0.23669353108405627,C,Z,CZ,0.21981094050547123,0.2257762812282148,0.0007371149291859129
4,5,7902,149.0943396226415,33.76859268550233,0.2264914467643158,C,Z,CZ,0.21981094050547123,0.2257762812282148,0.000736183287465506
7,34,7387,139.37735849056602,33.307556554894184,0.23897394035594854,C,Z,CZ,0.21981094050547123,0.2257762812282148,0.0006882037388645523
7,16,7224,136.30188679245282,32.11373113079175,0.23560738509578666,C,Z,CZ,0.21981094050547123,0.2257762812282148,0.0006730179788219204
6,27,6968,131.47169811320754,30.72683854021339,0.23371447224903985,C,Z,CZ,0.21981094050547123,0.2257762812282148,0.0006491679507795046
5,41,6905,130.28301886792454,30.974168740625043,0.23774524884187215,C,Z,CZ,0.21981094050547123,0.2257762812282148,0.0006432986079409413
5,27,6877,129.75471698113208,31.9090689184953,0.24591837322673418,C,Z,CZ,0.21981094050547123,0.2257762812282148,0.0006406900111238021
5,47,6840,129.0566037735849,31.216622232849712,0.24188318396798755,C,Z,CZ,0.21981094050547123,0.2257762812282148,0.0006372429367582967
6,4,6828,128.83018867924528,31.130454943089333,0.24163944229404433,C,Z,CZ,0.21981094050547123,0.2257762812282148,0.0006361249666938085
6,47,6818,128.64150943396226,29.219391835153846,0.2271381295487172,C,Z,CZ,0.21981094050547123,0.2257762812282148,0.0006351933249734016
6,41,6728,126.94339622641509,30.812968732174845,0.24272998555369601,C,Z,CZ,0.21981094050547123,0.2257762812282148,0.0006268085494897398
7,47,6445,121.60377358490567,29.83373131118115,0.24533557168232753,C,Z,CZ,0.21981094050547123,0.2257762812282148,0.0006004430888022255
7,27,6268,118.26415094339623,29.919218767693206,0.25298637439179,C,Z,CZ,0.21981094050547123,0.2257762812282148,0.000583953030351024
7,1,6263,118.16981132075472,27.675826614752985,0.234203865652548,C,Z,CZ,0.21981094050547123,0.2257762812282148,0.0005834872094908206
7,41,6242,117.77358490566037,27.820607683896952,0.23622111618816702,C,Z,CZ,0.21981094050547123,0.2257762812282148,0.0005815307618779661
7,4,6202,117.01886792452831,28.33894477572254,0.24217414916370436,C,Z,CZ,0.21981094050547123,0.2257762812282148,0.0005778041949963386
5,5,5874,110.83018867924528,25.081203388698366,0.22630299278192262,C,Z,CZ,0.21981094050547123,0.2257762812282148,0.0005472463465669935
6,5,5716,107.84905660377359,25.746841648289966,0.2387303371867334,C,Z,CZ,0.21981094050547123,0.2257762812282148,0.000532526407384565
7,5,5270,99.43396226415095,23.3332953210002,0.23466122429089384,C,Z,CZ,0.21981094050547123,0.2257762812282148,0.0004909751866544186
